time,channel,temperature_F,humidity
2018-01-02 00:00:33,8,11.9,46
2018-01-02 00:01:52,8,11.9,46
2018-01-02 00:03:12,8,11.9,46
2018-01-02 00:04:30,8,12.1,46
2018-01-02 00:05:49,8,12.1,46
2018-01-02 00:07:09,8,12.1,46
2018-01-02 00:08:27,8,12.1,46
2018-01-02 00:09:46,8,12.1,46
2018-01-02 00:11:05,8,12,46
2018-01-02 00:12:24,8,12.1,46
2018-01-02 00:13:43,8,12.1,46
2018-01-02 00:15:02,8,12.1,46
2018-01-02 00:16:21,8,12.1,46
2018-01-02 00:17:40,8,12.1,46
2018-01-02 00:18:59,8,12.1,46
2018-01-02 00:20:18,8,12.1,46
2018-01-02 00:21:37,8,12.1,46
2018-01-02 00:22:56,8,12.1,46
2018-01-02 00:24:16,8,12.1,46
2018-01-02 00:25:34,8,12.1,46
2018-01-02 00:26:53,8,12.1,46
2018-01-02 00:28:12,8,12.1,46
2018-01-02 00:29:31,8,12.1,46
2018-01-02 00:30:50,8,12.1,46
2018-01-02 00:32:09,8,12.1,46
2018-01-02 00:33:28,8,12,46
2018-01-02 00:34:47,8,12.1,46
2018-01-02 00:36:06,8,12.1,46
2018-01-02 00:37:25,8,12.1,46
2018-01-02 00:38:44,8,12,46
2018-01-02 00:40:03,8,12,46
2018-01-02 00:41:22,8,11.9,46
2018-01-02 00:42:41,8,11.9,46
2018-01-02 00:44:00,8,11.9,46
2018-01-02 00:45:20,8,11.9,46
2018-01-02 00:46:38,8,11.9,47
2018-01-02 00:47:57,8,11.9,47
2018-01-02 00:49:16,8,11.9,47
2018-01-02 00:50:35,8,11.9,47
2018-01-02 00:51:54,8,11.9,47
2018-01-02 00:53:13,8,11.8,46
2018-01-02 00:54:32,8,11.8,46
2018-01-02 00:55:51,8,11.7,46
2018-01-02 00:57:10,8,11.7,47
2018-01-02 00:58:29,8,11.6,47
2018-01-02 00:59:48,8,11.6,47
2018-01-02 01:01:07,8,11.6,47
2018-01-02 01:02:26,8,11.6,47
2018-01-02 01:03:45,8,11.6,47
2018-01-02 01:05:04,8,11.5,47
2018-01-02 01:06:24,8,11.6,47
2018-01-02 01:07:42,8,11.6,47
2018-01-02 01:09:01,8,11.6,47
2018-01-02 01:10:20,8,11.6,47
2018-01-02 01:11:39,8,11.6,47
2018-01-02 01:12:58,8,11.6,47
2018-01-02 01:14:17,8,11.6,47
2018-01-02 01:15:36,8,11.5,47
2018-01-02 01:18:14,8,11.5,47
2018-01-02 01:19:33,8,11.5,47
2018-01-02 01:20:52,8,11.5,47
2018-01-02 01:22:11,8,11.5,47
2018-01-02 01:23:30,8,11.6,47
2018-01-02 01:24:49,8,11.6,47
2018-01-02 01:26:08,8,11.5,47
2018-01-02 01:27:27,8,11.5,47
2018-01-02 01:28:46,8,11.6,47
2018-01-02 01:30:05,8,11.6,47
2018-01-02 01:31:24,8,11.6,47
2018-01-02 01:32:43,8,11.6,48
2018-01-02 01:34:02,8,11.6,48
2018-01-02 01:35:21,8,11.7,48
2018-01-02 01:36:40,8,11.7,48
2018-01-02 01:37:59,8,11.7,48
2018-01-02 01:39:18,8,11.6,48
2018-01-02 01:40:37,8,11.6,48
2018-01-02 01:41:56,8,11.6,48
2018-01-02 01:43:15,8,11.6,48
2018-01-02 01:44:34,8,11.6,48
2018-01-02 01:45:53,8,11.6,48
2018-01-02 01:47:12,8,11.6,48
2018-01-02 01:48:31,8,11.6,48
2018-01-02 01:49:50,8,11.6,48
2018-01-02 01:51:09,8,11.7,48
2018-01-02 01:52:28,8,11.7,48
2018-01-02 01:53:47,8,11.8,48
2018-01-02 01:55:06,8,11.8,48
2018-01-02 01:56:25,8,11.8,48
2018-01-02 01:57:44,8,11.8,48
2018-01-02 01:59:03,8,11.7,48
2018-01-02 02:00:22,8,11.7,48
2018-01-02 02:01:41,8,11.7,48
2018-01-02 02:03:00,8,11.7,48
2018-01-02 02:04:19,8,11.8,48
2018-01-02 02:05:38,8,11.8,48
2018-01-02 02:06:57,8,11.8,48
2018-01-02 02:08:16,8,11.7,48
2018-01-02 02:09:35,8,11.6,48
2018-01-02 02:10:54,8,11.6,48
2018-01-02 02:12:13,8,11.6,48
2018-01-02 02:13:32,8,11.7,48
2018-01-02 02:14:51,8,11.7,48
2018-01-02 02:16:10,8,11.7,48
2018-01-02 02:17:29,8,11.7,48
2018-01-02 02:18:48,8,11.7,48
2018-01-02 02:20:07,8,11.7,48
2018-01-02 02:21:26,8,11.7,48
2018-01-02 02:22:45,8,11.8,48
2018-01-02 02:24:04,8,11.8,48
2018-01-02 02:25:23,8,11.9,48
2018-01-02 02:26:42,8,11.9,48
2018-01-02 02:28:01,8,11.8,48
2018-01-02 02:29:20,8,11.8,48
2018-01-02 02:30:39,8,11.7,48
2018-01-02 02:31:58,8,11.6,48
2018-01-02 02:33:17,8,11.6,48
2018-01-02 02:35:55,8,11.6,48
2018-01-02 02:37:14,8,11.6,48
2018-01-02 02:38:33,8,11.5,48
2018-01-02 02:39:52,8,11.5,48
2018-01-02 02:41:11,8,11.5,48
2018-01-02 02:42:30,8,11.5,48
2018-01-02 02:43:49,8,11.5,48
2018-01-02 02:45:08,8,11.5,48
2018-01-02 02:46:27,8,11.4,48
2018-01-02 02:47:46,8,11.4,48
2018-01-02 02:49:05,8,11.5,48
2018-01-02 02:50:24,8,11.5,48
2018-01-02 02:51:43,8,11.5,48
2018-01-02 02:53:02,8,11.5,48
2018-01-02 02:54:21,8,11.5,48
2018-01-02 02:55:40,8,11.5,48
2018-01-02 02:56:59,8,11.5,48
2018-01-02 02:58:18,8,11.5,48
2018-01-02 02:59:37,8,11.5,48
2018-01-02 03:00:56,8,11.5,48
2018-01-02 03:02:15,8,11.5,48
2018-01-02 03:03:34,8,11.5,48
2018-01-02 03:04:53,8,11.4,48
2018-01-02 03:06:12,8,11.4,48
2018-01-02 03:07:31,8,11.3,48
2018-01-02 03:08:50,8,11.3,48
2018-01-02 03:10:09,8,11.3,48
2018-01-02 03:11:28,8,11.3,48
2018-01-02 03:12:47,8,11.2,48
2018-01-02 03:14:06,8,11.2,48
2018-01-02 03:15:25,8,11.2,48
2018-01-02 03:16:44,8,11.1,48
2018-01-02 03:18:03,8,11.1,48
2018-01-02 03:19:22,8,11,48
2018-01-02 03:20:41,8,11,48
2018-01-02 03:22:00,8,11,48
2018-01-02 03:23:19,8,11,48
2018-01-02 03:24:38,8,11,48
2018-01-02 03:25:57,8,11,48
2018-01-02 03:27:16,8,11,48
2018-01-02 03:28:35,8,11,48
2018-01-02 03:29:54,8,11,48
2018-01-02 03:31:13,8,11,48
2018-01-02 03:32:32,8,11,48
2018-01-02 03:33:51,8,11,48
2018-01-02 03:35:10,8,11,48
2018-01-02 03:36:29,8,11,48
2018-01-02 03:37:48,8,11,48
2018-01-02 03:39:07,8,11,49
2018-01-02 03:40:26,8,11.1,49
2018-01-02 03:41:45,8,11.1,48
2018-01-02 03:43:04,8,11.1,48
2018-01-02 03:44:23,8,11.1,48
2018-01-02 03:45:42,8,11,49
2018-01-02 03:47:01,8,11,49
2018-01-02 03:48:20,8,11,49
2018-01-02 03:49:39,8,11,48
2018-01-02 03:50:58,8,10.9,48
2018-01-02 03:53:36,8,10.9,48
2018-01-02 03:54:55,8,10.9,49
2018-01-02 03:56:14,8,10.9,49
2018-01-02 03:57:33,8,11,49
2018-01-02 03:58:52,8,11.1,49
2018-01-02 04:00:11,8,11.2,49
2018-01-02 04:01:30,8,11.2,49
2018-01-02 04:02:49,8,11.2,49
2018-01-02 04:04:08,8,11.2,49
2018-01-02 04:05:27,8,11.2,49
2018-01-02 04:06:46,8,11.1,49
2018-01-02 04:08:05,8,11.1,49
2018-01-02 04:09:24,8,11,49
2018-01-02 04:10:43,8,11.1,49
2018-01-02 04:12:02,8,11.1,49
2018-01-02 04:13:21,8,11.1,49
2018-01-02 04:14:40,8,11.2,49
2018-01-02 04:15:59,8,11.2,49
2018-01-02 04:17:18,8,11.2,49
2018-01-02 04:18:37,8,11.2,49
2018-01-02 04:19:56,8,11.2,49
2018-01-02 04:21:15,8,11.2,49
2018-01-02 04:22:34,8,11.2,49
2018-01-02 04:23:53,8,11.2,49
2018-01-02 04:25:12,8,11.2,49
2018-01-02 04:26:31,8,11.2,49
2018-01-02 04:27:50,8,11.2,49
2018-01-02 04:29:09,8,11.2,49
2018-01-02 04:30:28,8,11.1,49
2018-01-02 04:31:47,8,11.1,49
2018-01-02 04:33:06,8,11.1,49
2018-01-02 04:34:25,8,11.2,49
2018-01-02 04:35:44,8,11.2,49
2018-01-02 04:37:03,8,11.2,49
2018-01-02 04:38:22,8,11.2,49
2018-01-02 04:39:41,8,11.2,49
2018-01-02 04:41:00,8,11.2,49
2018-01-02 04:42:19,8,11.2,49
2018-01-02 04:43:38,8,11.2,49
2018-01-02 04:44:57,8,11.2,49
2018-01-02 04:46:16,8,11.2,49
2018-01-02 04:47:35,8,11.2,49
2018-01-02 04:48:54,8,11.2,49
2018-01-02 04:50:13,8,11.2,49
2018-01-02 04:51:32,8,11.2,49
2018-01-02 04:52:51,8,11.2,49
2018-01-02 04:54:10,8,11.2,49
2018-01-02 04:55:29,8,11.2,49
2018-01-02 04:56:48,8,11.2,49
2018-01-02 04:58:07,8,11.2,49
2018-01-02 04:59:26,8,11.2,49
2018-01-02 05:00:45,8,11.2,49
2018-01-02 05:02:04,8,11.2,49
2018-01-02 05:03:23,8,11.1,49
2018-01-02 05:04:42,8,11,49
2018-01-02 05:06:01,8,11,49
2018-01-02 05:07:20,8,11,49
2018-01-02 05:08:39,8,11,49
2018-01-02 05:09:58,8,11,49
2018-01-02 05:11:17,8,11,49
2018-01-02 05:12:36,8,11,49
2018-01-02 05:13:55,8,10.9,49
2018-01-02 05:15:14,8,10.8,49
2018-01-02 05:16:33,8,10.8,49
2018-01-02 05:17:52,8,10.7,49
2018-01-02 05:19:11,8,10.7,49
2018-01-02 05:20:30,8,10.6,49
2018-01-02 05:21:49,8,10.6,49
2018-01-02 05:23:08,8,10.6,49
2018-01-02 05:24:27,8,10.6,49
2018-01-02 05:25:46,8,10.6,49
2018-01-02 05:27:05,8,10.5,49
2018-01-02 05:28:24,8,10.4,49
2018-01-02 05:29:43,8,10.5,49
2018-01-02 05:31:02,8,10.4,49
2018-01-02 05:32:21,8,10.4,49
2018-01-02 05:33:40,8,10.4,49
2018-01-02 05:34:59,8,10.4,49
2018-01-02 05:36:18,8,10.4,49
2018-01-02 05:37:37,8,10.4,49
2018-01-02 05:38:56,8,10.4,49
2018-01-02 05:40:15,8,10.4,49
2018-01-02 05:41:34,8,10.4,49
2018-01-02 05:42:53,8,10.4,49
2018-01-02 05:44:12,8,10.4,49
2018-01-02 05:45:31,8,10.5,49
2018-01-02 05:46:50,8,10.5,49
2018-01-02 05:48:09,8,10.5,49
2018-01-02 05:49:28,8,10.6,49
2018-01-02 05:50:47,8,10.6,49
2018-01-02 05:52:06,8,10.6,49
2018-01-02 05:53:25,8,10.6,49
2018-01-02 05:54:44,8,10.6,49
2018-01-02 05:56:03,8,10.6,49
2018-01-02 05:57:22,8,10.6,49
2018-01-02 05:58:41,8,10.6,49
2018-01-02 06:00:00,8,10.6,49
2018-01-02 06:01:19,8,10.6,49
2018-01-02 06:02:38,8,10.5,49
2018-01-02 06:03:57,8,10.6,49
2018-01-02 06:05:16,8,10.6,49
2018-01-02 06:06:35,8,10.6,49
2018-01-02 06:07:54,8,10.6,49
2018-01-02 06:09:13,8,10.6,49
2018-01-02 06:10:32,8,10.6,49
2018-01-02 06:11:51,8,10.6,49
2018-01-02 06:13:10,8,10.5,49
2018-01-02 06:14:29,8,10.6,49
2018-01-02 06:15:48,8,10.6,49
2018-01-02 06:17:07,8,10.6,49
2018-01-02 06:18:26,8,10.6,49
2018-01-02 06:19:45,8,10.6,49
2018-01-02 06:21:04,8,10.5,49
2018-01-02 06:22:23,8,10.5,49
2018-01-02 06:23:42,8,10.5,49
2018-01-02 06:25:01,8,10.5,49
2018-01-02 06:26:20,8,10.5,49
2018-01-02 06:27:39,8,10.6,49
2018-01-02 06:28:58,8,10.6,50
2018-01-02 06:30:17,8,10.6,50
2018-01-02 06:31:36,8,10.6,50
2018-01-02 06:32:55,8,10.6,49
2018-01-02 06:34:14,8,10.6,49
2018-01-02 06:35:33,8,10.6,49
2018-01-02 06:36:52,8,10.6,49
2018-01-02 06:38:11,8,10.7,49
2018-01-02 06:39:30,8,10.7,49
2018-01-02 06:40:49,8,10.7,49
2018-01-02 06:42:08,8,10.6,49
2018-01-02 06:43:27,8,10.7,49
2018-01-02 06:44:46,8,10.7,49
2018-01-02 06:46:05,8,10.6,49
2018-01-02 06:47:24,8,10.6,49
2018-01-02 06:48:43,8,10.6,50
2018-01-02 06:50:02,8,10.6,50
2018-01-02 06:51:21,8,10.6,50
2018-01-02 06:52:40,8,10.6,50
2018-01-02 06:53:59,8,10.5,50
2018-01-02 06:55:18,8,10.5,50
2018-01-02 06:56:37,8,10.5,50
2018-01-02 06:57:56,8,10.5,50
2018-01-02 06:59:15,8,10.5,50
2018-01-02 07:00:34,8,10.5,50
2018-01-02 07:01:53,8,10.5,50
2018-01-02 07:03:12,8,10.5,50
2018-01-02 07:04:31,8,10.5,50
2018-01-02 07:05:50,8,10.5,50
2018-01-02 07:07:09,8,10.5,50
2018-01-02 07:08:28,8,10.5,50
2018-01-02 07:09:47,8,10.5,50
2018-01-02 07:11:06,8,10.5,50
2018-01-02 07:12:25,8,10.5,50
2018-01-02 07:13:44,8,10.6,50
2018-01-02 07:16:22,8,10.5,50
2018-01-02 07:17:41,8,10.5,50
2018-01-02 07:19:00,8,10.5,50
2018-01-02 07:20:19,8,10.6,50
2018-01-02 07:21:38,8,10.6,50
2018-01-02 07:22:57,8,10.5,50
2018-01-02 07:24:16,8,10.5,50
2018-01-02 07:25:35,8,10.5,50
2018-01-02 07:26:54,8,10.5,50
2018-01-02 07:28:13,8,10.5,50
2018-01-02 07:29:32,8,10.6,50
2018-01-02 07:30:51,8,10.5,49
2018-01-02 07:32:10,8,10.5,49
2018-01-02 07:33:29,8,10.5,50
2018-01-02 07:34:48,8,10.5,50
2018-01-02 07:36:07,8,10.6,50
2018-01-02 07:37:26,8,10.6,50
2018-01-02 07:38:45,8,10.6,50
2018-01-02 07:40:04,8,10.6,50
2018-01-02 07:42:42,8,10.6,50
2018-01-02 07:44:01,8,10.6,50
2018-01-02 07:45:20,8,10.6,50
2018-01-02 07:46:39,8,10.6,50
2018-01-02 07:47:58,8,10.6,50
2018-01-02 07:49:17,8,10.6,50
2018-01-02 07:50:36,8,10.6,50
2018-01-02 07:51:55,8,10.6,50
2018-01-02 07:53:14,8,10.6,50
2018-01-02 07:54:33,8,10.6,50
2018-01-02 07:55:52,8,10.7,50
2018-01-02 07:57:11,8,10.7,50
2018-01-02 07:58:30,8,10.7,50
2018-01-02 07:59:49,8,10.7,50
2018-01-02 08:01:08,8,10.8,50
2018-01-02 08:02:27,8,10.8,50
2018-01-02 08:03:46,8,10.8,50
2018-01-02 08:05:05,8,10.8,50
2018-01-02 08:06:24,8,10.8,50
2018-01-02 08:07:43,8,10.9,50
2018-01-02 08:09:02,8,11,50
2018-01-02 08:10:21,8,11,50
2018-01-02 08:11:40,8,11,50
2018-01-02 08:12:59,8,11.1,50
2018-01-02 08:14:18,8,11.1,50
2018-01-02 08:15:37,8,11.1,50
2018-01-02 08:16:56,8,11.1,50
2018-01-02 08:18:15,8,11.2,50
2018-01-02 08:19:34,8,11.2,50
2018-01-02 08:20:53,8,11.3,50
2018-01-02 08:22:12,8,11.3,50
2018-01-02 08:23:31,8,11.3,50
2018-01-02 08:24:50,8,11.4,50
2018-01-02 08:26:09,8,11.4,49
2018-01-02 08:27:28,8,11.4,49
2018-01-02 08:28:47,8,11.5,49
2018-01-02 08:30:06,8,11.5,50
2018-01-02 08:31:25,8,11.6,50
2018-01-02 08:32:44,8,11.6,50
2018-01-02 08:35:22,8,11.7,50
2018-01-02 08:36:41,8,11.7,50
2018-01-02 08:38:00,8,11.7,49
2018-01-02 08:39:19,8,11.7,49
2018-01-02 08:40:38,8,11.8,49
2018-01-02 08:41:57,8,11.8,49
2018-01-02 08:43:16,8,11.9,49
2018-01-02 08:44:35,8,11.9,49
2018-01-02 08:45:54,8,11.9,49
2018-01-02 08:47:13,8,12,49
2018-01-02 08:48:32,8,12,49
2018-01-02 08:49:51,8,12,49
2018-01-02 08:51:10,8,12.1,49
2018-01-02 08:52:29,8,12.1,49
2018-01-02 08:53:48,8,12.2,49
2018-01-02 08:55:07,8,12.2,49
2018-01-02 08:56:26,8,12.2,49
2018-01-02 08:57:45,8,12.2,49
2018-01-02 09:00:23,8,12.3,49
2018-01-02 09:01:42,8,12.5,49
2018-01-02 09:03:01,8,12.5,49
2018-01-02 09:04:20,8,12.5,49
2018-01-02 09:05:39,8,12.5,49
2018-01-02 09:06:58,8,12.5,49
2018-01-02 09:08:17,8,12.6,49
2018-01-02 09:09:36,8,12.6,49
2018-01-02 09:10:55,8,12.6,49
2018-01-02 09:12:14,8,12.7,49
2018-01-02 09:13:33,8,12.7,49
2018-01-02 09:14:52,8,12.7,49
2018-01-02 09:16:11,8,12.7,49
2018-01-02 09:17:30,8,12.7,49
2018-01-02 09:18:49,8,12.7,49
2018-01-02 09:20:08,8,12.8,49
2018-01-02 09:21:27,8,12.8,49
2018-01-02 09:22:46,8,12.8,49
2018-01-02 09:24:05,8,12.8,49
2018-01-02 09:25:24,8,12.8,49
2018-01-02 09:26:43,8,12.9,49
2018-01-02 09:28:02,8,13,49
2018-01-02 09:29:21,8,13,49
2018-01-02 09:30:40,8,13.1,49
2018-01-02 09:31:59,8,13.1,49
2018-01-02 09:33:18,8,13.1,49
2018-01-02 09:34:37,8,13.3,49
2018-01-02 09:35:56,8,13.3,49
2018-01-02 09:37:15,8,13.2,49
2018-01-02 09:38:34,8,13.3,49
2018-01-02 09:39:53,8,13.4,49
2018-01-02 09:41:12,8,13.4,49
2018-01-02 09:42:31,8,13.4,49
2018-01-02 09:45:09,8,13.5,49
2018-01-02 09:46:28,8,13.5,49
2018-01-02 09:47:47,8,13.5,49
2018-01-02 09:49:06,8,13.6,49
2018-01-02 09:50:25,8,13.6,49
2018-01-02 09:51:44,8,13.7,49
2018-01-02 09:53:03,8,13.7,49
2018-01-02 09:54:22,8,13.8,49
2018-01-02 09:55:41,8,13.8,49
2018-01-02 09:57:00,8,13.8,49
2018-01-02 09:58:19,8,13.8,49
2018-01-02 09:59:38,8,13.9,49
2018-01-02 10:00:57,8,13.9,49
2018-01-02 10:02:16,8,13.9,49
2018-01-02 10:03:35,8,13.9,49
2018-01-02 10:04:54,8,14,49
2018-01-02 10:06:13,8,14,49
2018-01-02 10:07:32,8,14,48
2018-01-02 10:08:51,8,14.1,49
2018-01-02 10:10:10,8,14.1,49
2018-01-02 10:11:29,8,14.2,49
2018-01-02 10:12:48,8,14.3,49
2018-01-02 10:14:07,8,14.3,49
2018-01-02 10:15:26,8,14.3,49
2018-01-02 10:16:45,8,14.4,49
2018-01-02 10:18:04,8,14.5,49
2018-01-02 10:19:23,8,14.5,49
2018-01-02 10:20:42,8,14.5,49
2018-01-02 10:22:01,8,14.5,49
2018-01-02 10:23:20,8,14.5,49
2018-01-02 10:24:39,8,14.5,49
2018-01-02 10:25:58,8,14.5,49
2018-01-02 10:27:17,8,14.7,49
2018-01-02 10:28:36,8,14.7,49
2018-01-02 10:29:55,8,14.7,49
2018-01-02 10:31:14,8,14.8,49
2018-01-02 10:32:33,8,14.9,49
2018-01-02 10:33:52,8,15,49
2018-01-02 10:35:11,8,15.2,49
2018-01-02 10:36:30,8,15.2,49
2018-01-02 10:37:49,8,15.2,49
2018-01-02 10:39:08,8,15.2,49
2018-01-02 10:40:27,8,15.2,49
2018-01-02 10:41:46,8,15.2,49
2018-01-02 10:43:05,8,15.2,49
2018-01-02 10:44:24,8,15.3,49
2018-01-02 10:45:43,8,15.4,49
2018-01-02 10:47:02,8,15.4,48
2018-01-02 10:48:21,8,15.3,48
2018-01-02 10:49:40,8,15.3,48
2018-01-02 10:50:59,8,15.4,48
2018-01-02 10:52:18,8,15.5,48
2018-01-02 10:54:56,8,15.6,49
2018-01-02 10:56:15,8,15.7,49
2018-01-02 10:57:34,8,15.7,49
2018-01-02 10:58:53,8,15.8,49
2018-01-02 11:00:12,8,15.8,49
2018-01-02 11:01:31,8,15.8,49
2018-01-02 11:02:50,8,15.8,49
2018-01-02 11:04:09,8,15.9,49
2018-01-02 11:05:28,8,15.9,48
2018-01-02 11:06:47,8,15.9,48
2018-01-02 11:08:05,8,15.9,48
2018-01-02 11:09:25,8,15.9,48
2018-01-02 11:10:44,8,15.9,48
2018-01-02 11:12:03,8,16,48
2018-01-02 11:13:22,8,16,48
2018-01-02 11:14:41,8,16.1,48
2018-01-02 11:16:00,8,16.1,48
2018-01-02 11:17:19,8,16.1,48
2018-01-02 11:18:38,8,16.2,48
2018-01-02 11:19:57,8,16.3,49
2018-01-02 11:21:16,8,16.4,48
2018-01-02 11:22:35,8,16.4,48
2018-01-02 11:23:54,8,16.5,49
2018-01-02 11:25:13,8,16.5,49
2018-01-02 11:26:32,8,16.5,49
2018-01-02 11:27:51,8,16.6,49
2018-01-02 11:29:09,8,16.6,49
2018-01-02 11:30:29,8,16.7,49
2018-01-02 11:31:48,8,16.8,49
2018-01-02 11:33:07,8,16.8,49
2018-01-02 11:34:26,8,16.9,49
2018-01-02 11:35:45,8,16.9,49
2018-01-02 11:37:04,8,17,49
2018-01-02 11:38:23,8,17,49
2018-01-02 11:39:42,8,17,49
2018-01-02 11:41:01,8,17,48
2018-01-02 11:42:20,8,17.1,48
2018-01-02 11:43:39,8,17.2,49
2018-01-02 11:44:58,8,17.4,49
2018-01-02 11:46:16,8,17.4,49
2018-01-02 11:47:36,8,17.4,48
2018-01-02 11:48:55,8,17.3,48
2018-01-02 11:50:13,8,17.4,48
2018-01-02 11:51:33,8,17.5,48
2018-01-02 11:52:52,8,17.5,49
2018-01-02 11:54:10,8,17.6,49
2018-01-02 11:55:30,8,17.8,49
2018-01-02 11:56:49,8,17.9,49
2018-01-02 11:58:08,8,17.9,49
2018-01-02 11:59:27,8,17.9,49
2018-01-02 12:00:46,8,18,49
2018-01-02 12:02:05,8,18.2,49
2018-01-02 12:04:43,8,18.4,49
2018-01-02 12:06:02,8,18.4,49
2018-01-02 12:07:20,8,18.4,49
2018-01-02 12:08:40,8,18.4,49
2018-01-02 12:09:59,8,18.5,49
2018-01-02 12:11:17,8,18.5,49
2018-01-02 12:12:37,8,18.6,49
2018-01-02 12:13:56,8,18.6,49
2018-01-02 12:15:14,8,18.6,49
2018-01-02 12:16:34,8,18.7,49
2018-01-02 12:17:53,8,18.7,49
2018-01-02 12:19:12,8,18.8,49
2018-01-02 12:20:31,8,18.9,49
2018-01-02 12:21:50,8,19,49
2018-01-02 12:23:09,8,19,49
2018-01-02 12:24:27,8,19,49
2018-01-02 12:25:47,8,19.1,49
2018-01-02 12:27:06,8,19.1,49
2018-01-02 12:28:24,8,19.2,49
2018-01-02 12:29:44,8,19.2,49
2018-01-02 12:31:03,8,19.3,49
2018-01-02 12:32:21,8,19.4,49
2018-01-02 12:33:41,8,19.5,49
2018-01-02 12:35:00,8,19.6,49
2018-01-02 12:36:18,8,19.7,49
2018-01-02 12:37:38,8,19.7,49
2018-01-02 12:38:57,8,19.8,49
2018-01-02 12:40:15,8,19.9,49
2018-01-02 12:41:35,8,20,49
2018-01-02 12:42:54,8,20.1,49
2018-01-02 12:44:13,8,20.2,49
2018-01-02 12:45:31,8,20.3,49
2018-01-02 12:46:51,8,20.3,49
2018-01-02 12:48:10,8,20.4,49
2018-01-02 12:49:28,8,20.5,49
2018-01-02 12:50:48,8,20.6,49
2018-01-02 12:52:07,8,20.7,49
2018-01-02 12:53:25,8,20.7,49
2018-01-02 12:54:45,8,20.7,49
2018-01-02 12:56:04,8,20.8,49
2018-01-02 12:57:22,8,20.9,49
2018-01-02 12:58:42,8,21.1,49
2018-01-02 13:00:01,8,21.2,49
2018-01-02 13:01:19,8,21.4,49
2018-01-02 13:02:38,8,21.5,49
2018-01-02 13:03:58,8,21.6,49
2018-01-02 13:05:17,8,21.8,49
2018-01-02 13:06:35,8,22,49
2018-01-02 13:07:55,8,21.9,49
2018-01-02 13:09:14,8,21.9,48
2018-01-02 13:10:32,8,22.1,48
2018-01-02 13:11:52,8,22.1,48
2018-01-02 13:14:29,8,22.3,48
2018-01-02 13:15:49,8,22.4,48
2018-01-02 13:17:08,8,22.5,48
2018-01-02 13:18:26,8,22.6,48
2018-01-02 13:19:46,8,22.8,48
2018-01-02 13:21:05,8,22.9,48
2018-01-02 13:22:23,8,23,48
2018-01-02 13:23:42,8,23,48
2018-01-02 13:25:02,8,23.1,48
2018-01-02 13:26:20,8,23.2,48
2018-01-02 13:27:39,8,23.4,48
2018-01-02 13:28:59,8,23.5,48
2018-01-02 13:30:18,8,23.6,48
2018-01-02 13:31:36,8,23.8,48
2018-01-02 13:32:56,8,23.8,48
2018-01-02 13:34:15,8,24,48
2018-01-02 13:35:33,8,24.2,48
2018-01-02 13:36:53,8,24.4,48
2018-01-02 13:38:12,8,24.7,48
2018-01-02 13:39:30,8,24.8,48
2018-01-02 13:40:50,8,25,48
2018-01-02 13:42:09,8,25.2,48
2018-01-02 13:43:27,8,25.3,47
2018-01-02 13:44:46,8,25.5,47
2018-01-02 13:46:06,8,25.7,47
2018-01-02 13:47:24,8,25.8,47
2018-01-02 13:48:43,8,25.9,47
2018-01-02 13:50:03,8,26.2,47
2018-01-02 13:51:21,8,26.4,47
2018-01-02 13:52:40,8,26.7,47
2018-01-02 13:54:00,8,26.8,47
2018-01-02 13:55:19,8,27.1,47
2018-01-02 13:56:37,8,27.2,47
2018-01-02 13:57:57,8,27.4,47
2018-01-02 13:59:16,8,27.5,47
2018-01-02 14:00:34,8,27.5,46
2018-01-02 14:01:53,8,27.5,46
2018-01-02 14:03:13,8,27.7,46
2018-01-02 14:04:31,8,27.9,46
2018-01-02 14:05:50,8,28.1,46
2018-01-02 14:07:10,8,28.2,46
2018-01-02 14:08:28,8,28.1,45
2018-01-02 14:09:47,8,28.1,45
2018-01-02 14:11:07,8,28.4,45
2018-01-02 14:12:25,8,28.5,45
2018-01-02 14:13:44,8,28.6,45
2018-01-02 14:15:04,8,28.7,45
2018-01-02 14:16:22,8,28.7,45
2018-01-02 14:17:41,8,28.6,45
2018-01-02 14:19:01,8,28.7,45
2018-01-02 14:20:20,8,28.8,45
2018-01-02 14:21:38,8,28.8,45
2018-01-02 14:22:57,8,28.8,44
2018-01-02 14:24:17,8,28.8,44
2018-01-02 14:25:35,8,28.6,43
2018-01-02 14:26:54,8,28.5,43
2018-01-02 14:29:32,8,28.5,44
2018-01-02 14:30:51,8,28.6,43
2018-01-02 14:32:11,8,28.5,43
2018-01-02 14:33:29,8,28.3,43
2018-01-02 14:34:48,8,28.3,43
2018-01-02 14:36:08,8,28.3,43
2018-01-02 14:37:26,8,28.4,43
2018-01-02 14:38:45,8,28.4,43
2018-01-02 14:40:04,8,28.3,43
2018-01-02 14:41:23,8,28.3,43
2018-01-02 14:42:42,8,28.3,43
2018-01-02 14:44:01,8,28.2,42
2018-01-02 14:45:21,8,28.3,43
2018-01-02 14:46:39,8,28.3,43
2018-01-02 14:47:58,8,28.3,43
2018-01-02 14:49:18,8,28.5,43
2018-01-02 14:50:36,8,28.6,43
2018-01-02 14:51:55,8,28.6,43
2018-01-02 14:53:15,8,28.7,43
2018-01-02 14:54:33,8,28.8,43
2018-01-02 14:55:52,8,28.9,43
2018-01-02 14:57:12,8,28.9,43
2018-01-02 14:58:30,8,29,43
2018-01-02 14:59:49,8,28.9,43
2018-01-02 15:01:08,8,28.9,42
2018-01-02 15:02:27,8,28.8,41
2018-01-02 15:03:46,8,28.7,41
2018-01-02 15:05:05,8,28.6,41
2018-01-02 15:06:24,8,28.6,41
2018-01-02 15:07:43,8,28.6,41
2018-01-02 15:09:02,8,28.6,41
2018-01-02 15:10:21,8,28.7,42
2018-01-02 15:11:40,8,28.7,42
2018-01-02 15:12:59,8,28.7,42
2018-01-02 15:14:19,8,28.7,42
2018-01-02 15:15:37,8,28.7,41
2018-01-02 15:16:56,8,28.7,41
2018-01-02 15:18:16,8,28.7,41
2018-01-02 15:19:34,8,28.7,41
2018-01-02 15:20:53,8,28.6,41
2018-01-02 15:22:12,8,28.7,41
2018-01-02 15:24:50,8,28.9,42
2018-01-02 15:26:09,8,29,42
2018-01-02 15:27:28,8,28.9,42
2018-01-02 15:28:47,8,28.8,41
2018-01-02 15:30:06,8,28.6,41
2018-01-02 15:31:25,8,28.5,41
2018-01-02 15:32:44,8,28.6,41
2018-01-02 15:34:03,8,28.5,41
2018-01-02 15:35:22,8,28.5,41
2018-01-02 15:36:41,8,28.5,42
2018-01-02 15:38:00,8,28.4,41
2018-01-02 15:39:19,8,28.1,41
2018-01-02 15:40:38,8,27.9,41
2018-01-02 15:41:57,8,27.7,41
2018-01-02 15:44:35,8,27.3,41
2018-01-02 15:45:54,8,27.1,41
2018-01-02 15:47:13,8,27,41
2018-01-02 15:48:32,8,26.8,40
2018-01-02 15:49:51,8,26.6,40
2018-01-02 15:51:10,8,26.5,41
2018-01-02 15:52:29,8,26.4,41
2018-01-02 15:53:48,8,26.3,40
2018-01-02 15:55:07,8,26.3,40
2018-01-02 15:56:26,8,26.3,40
2018-01-02 15:57:45,8,26.2,41
2018-01-02 15:59:04,8,26.2,41
2018-01-02 16:00:23,8,26.1,41
2018-01-02 16:01:42,8,26,41
2018-01-02 16:03:01,8,25.9,40
2018-01-02 16:04:20,8,25.9,40
2018-01-02 16:05:39,8,25.9,41
2018-01-02 16:06:58,8,25.8,41
2018-01-02 16:08:17,8,25.8,41
2018-01-02 16:09:36,8,25.7,41
2018-01-02 16:10:55,8,25.6,41
2018-01-02 16:12:14,8,25.6,41
2018-01-02 16:13:33,8,25.5,41
2018-01-02 16:14:52,8,25.5,41
2018-01-02 16:16:11,8,25.5,41
2018-01-02 16:17:30,8,25.5,41
2018-01-02 16:18:49,8,25.4,41
2018-01-02 16:20:08,8,25.4,41
2018-01-02 16:21:27,8,25.3,41
2018-01-02 16:22:46,8,25.3,41
2018-01-02 16:24:05,8,25.2,41
2018-01-02 16:25:24,8,25.2,41
2018-01-02 16:26:43,8,25.1,41
2018-01-02 16:28:02,8,25.1,41
2018-01-02 16:29:21,8,25.1,41
2018-01-02 16:30:40,8,25,41
2018-01-02 16:31:59,8,24.9,41
2018-01-02 16:33:18,8,24.9,41
2018-01-02 16:34:37,8,24.9,41
2018-01-02 16:35:56,8,24.8,41
2018-01-02 16:37:15,8,24.8,41
2018-01-02 16:38:34,8,24.7,41
2018-01-02 16:39:53,8,24.6,41
2018-01-02 16:42:31,8,24.5,41
2018-01-02 16:43:50,8,24.4,41
2018-01-02 16:45:09,8,24.4,41
2018-01-02 16:46:28,8,24.3,41
2018-01-02 16:47:47,8,24.3,41
2018-01-02 16:49:06,8,24.2,41
2018-01-02 16:50:25,8,24.1,41
2018-01-02 16:51:44,8,24,41
2018-01-02 16:53:03,8,24,41
2018-01-02 16:54:22,8,23.9,41
2018-01-02 16:55:41,8,23.9,41
2018-01-02 16:57:00,8,23.7,41
2018-01-02 16:58:19,8,23.7,41
2018-01-02 16:59:38,8,23.7,41
2018-01-02 17:00:57,8,23.6,41
2018-01-02 17:02:16,8,23.5,41
2018-01-02 17:03:35,8,23.4,41
2018-01-02 17:04:54,8,23.4,41
2018-01-02 17:06:13,8,23.3,41
2018-01-02 17:07:32,8,23.2,41
2018-01-02 17:08:51,8,23.2,41
2018-01-02 17:10:10,8,23.1,41
2018-01-02 17:11:29,8,23.1,41
2018-01-02 17:12:48,8,23,41
2018-01-02 17:14:07,8,22.9,41
2018-01-02 17:15:26,8,22.9,41
2018-01-02 17:16:45,8,22.9,41
2018-01-02 17:18:04,8,22.9,41
2018-01-02 17:19:23,8,22.8,41
2018-01-02 17:20:42,8,22.7,41
2018-01-02 17:22:01,8,22.7,41
2018-01-02 17:23:20,8,22.6,41
2018-01-02 17:24:39,8,22.5,41
2018-01-02 17:25:58,8,22.5,41
2018-01-02 17:27:17,8,22.4,41
2018-01-02 17:28:36,8,22.4,41
2018-01-02 17:29:55,8,22.3,41
2018-01-02 17:31:14,8,22.2,41
2018-01-02 17:32:33,8,22.1,41
2018-01-02 17:33:52,8,22,42
2018-01-02 17:35:11,8,22,42
2018-01-02 17:36:30,8,22,42
2018-01-02 17:37:49,8,21.9,42
2018-01-02 17:39:08,8,21.8,42
2018-01-02 17:40:27,8,21.7,42
2018-01-02 17:41:46,8,21.6,42
2018-01-02 17:43:05,8,21.5,42
2018-01-02 17:44:24,8,21.5,42
2018-01-02 17:45:43,8,21.4,42
2018-01-02 17:47:02,8,21.2,42
2018-01-02 17:48:21,8,21.2,42
2018-01-02 17:49:40,8,21.1,42
2018-01-02 17:50:59,8,21,42
2018-01-02 17:52:18,8,21,42
2018-01-02 17:53:37,8,20.9,42
2018-01-02 17:54:56,8,20.8,42
2018-01-02 17:56:15,8,20.7,42
2018-01-02 17:57:34,8,20.7,42
2018-01-02 17:58:53,8,20.6,42
2018-01-02 18:00:12,8,20.5,43
2018-01-02 18:01:31,8,20.4,43
2018-01-02 18:02:50,8,20.3,43
2018-01-02 18:04:09,8,20.2,43
2018-01-02 18:05:28,8,20.1,43
2018-01-02 18:06:47,8,20.1,43
2018-01-02 18:08:06,8,20,43
2018-01-02 18:09:25,8,19.9,43
2018-01-02 18:10:44,8,19.8,43
2018-01-02 18:12:03,8,19.8,43
2018-01-02 18:13:22,8,19.7,43
2018-01-02 18:14:41,8,19.7,43
2018-01-02 18:16:00,8,19.6,43
2018-01-02 18:17:19,8,19.6,43
2018-01-02 18:18:38,8,19.5,43
2018-01-02 18:19:57,8,19.5,43
2018-01-02 18:21:16,8,19.4,43
2018-01-02 18:22:35,8,19.4,43
2018-01-02 18:23:54,8,19.4,43
2018-01-02 18:25:13,8,19.3,43
2018-01-02 18:26:32,8,19.3,43
2018-01-02 18:27:51,8,19.2,43
2018-01-02 18:29:10,8,19.1,43
2018-01-02 18:30:29,8,19.1,43
2018-01-02 18:31:48,8,19.1,43
2018-01-02 18:33:07,8,19.1,44
2018-01-02 18:34:26,8,19,44
2018-01-02 18:35:45,8,18.8,44
2018-01-02 18:37:04,8,18.7,44
2018-01-02 18:38:23,8,18.7,44
2018-01-02 18:39:42,8,18.7,44
2018-01-02 18:41:01,8,18.6,44
2018-01-02 18:42:20,8,18.6,44
2018-01-02 18:43:39,8,18.6,44
2018-01-02 18:44:58,8,18.5,44
2018-01-02 18:46:17,8,18.4,44
2018-01-02 18:47:36,8,18.4,44
2018-01-02 18:48:55,8,18.3,44
2018-01-02 18:50:14,8,18.3,44
2018-01-02 18:51:33,8,18.3,44
2018-01-02 18:52:52,8,18.2,44
2018-01-02 18:54:11,8,18.2,44
2018-01-02 18:55:30,8,18.2,44
2018-01-02 18:56:49,8,18.2,44
2018-01-02 18:58:08,8,18.2,44
2018-01-02 19:00:46,8,18.2,44
2018-01-02 19:02:05,8,18.2,44
2018-01-02 19:03:24,8,18.2,44
2018-01-02 19:04:43,8,18.2,45
2018-01-02 19:06:02,8,18.1,45
2018-01-02 19:07:21,8,18,45
2018-01-02 19:08:40,8,18,45
2018-01-02 19:09:59,8,18,45
2018-01-02 19:11:18,8,18,45
2018-01-02 19:12:37,8,18.1,45
2018-01-02 19:13:56,8,18.1,45
2018-01-02 19:15:15,8,18,45
2018-01-02 19:16:34,8,18.1,45
2018-01-02 19:17:53,8,18.1,45
2018-01-02 19:19:12,8,18.2,45
2018-01-02 19:20:31,8,18.2,45
2018-01-02 19:21:50,8,18.1,45
2018-01-02 19:23:09,8,18,45
2018-01-02 19:24:28,8,18.1,45
2018-01-02 19:25:47,8,18.2,45
2018-01-02 19:27:06,8,18.3,45
2018-01-02 19:28:25,8,18.3,45
2018-01-02 19:29:44,8,18.5,45
2018-01-02 19:31:03,8,18.3,45
2018-01-02 19:32:22,8,18.2,45
2018-01-02 19:33:41,8,18.3,45
2018-01-02 19:35:00,8,18.4,45
2018-01-02 19:36:19,8,18.5,45
2018-01-02 19:37:38,8,18.7,45
2018-01-02 19:38:57,8,18.7,45
2018-01-02 19:40:16,8,18.8,45
2018-01-02 19:41:35,8,18.8,45
2018-01-02 19:42:54,8,18.7,45
2018-01-02 19:44:13,8,18.8,45
2018-01-02 19:45:32,8,18.8,45
2018-01-02 19:46:51,8,18.9,45
2018-01-02 19:48:10,8,18.9,45
2018-01-02 19:49:29,8,19,45
2018-01-02 19:50:48,8,19,45
2018-01-02 19:52:07,8,19.1,45
2018-01-02 19:53:26,8,19.1,45
2018-01-02 19:54:45,8,19.2,44
2018-01-02 19:56:04,8,19.3,44
2018-01-02 19:57:23,8,19.5,44
2018-01-02 19:58:42,8,19.6,44
2018-01-02 20:00:01,8,19.7,44
2018-01-02 20:01:20,8,19.8,44
2018-01-02 20:02:39,8,19.8,44
2018-01-02 20:03:58,8,19.9,44
2018-01-02 20:05:17,8,19.9,44
2018-01-02 20:06:36,8,19.8,44
2018-01-02 20:07:55,8,19.8,44
2018-01-02 20:10:33,8,19.8,44
2018-01-02 20:11:52,8,19.8,44
2018-01-02 20:13:11,8,19.9,44
2018-01-02 20:14:30,8,19.9,44
2018-01-02 20:15:49,8,19.9,44
2018-01-02 20:17:08,8,19.9,44
2018-01-02 20:18:27,8,19.9,44
2018-01-02 20:19:46,8,19.9,44
2018-01-02 20:21:05,8,19.8,44
2018-01-02 20:22:24,8,19.8,44
2018-01-02 20:23:43,8,19.8,44
2018-01-02 20:25:02,8,19.8,43
2018-01-02 20:26:21,8,19.8,43
2018-01-02 20:27:40,8,19.9,43
2018-01-02 20:28:59,8,19.9,43
2018-01-02 20:30:18,8,20,43
2018-01-02 20:31:37,8,20,43
2018-01-02 20:32:56,8,20.1,43
2018-01-02 20:34:15,8,20.1,43
2018-01-02 20:35:34,8,20.1,43
2018-01-02 20:36:53,8,20.1,43
2018-01-02 20:38:12,8,20.1,43
2018-01-02 20:39:31,8,20.1,43
2018-01-02 20:40:50,8,20.1,43
2018-01-02 20:42:09,8,20.1,43
2018-01-02 20:43:28,8,20,43
2018-01-02 20:44:47,8,20,43
2018-01-02 20:46:06,8,19.9,43
2018-01-02 20:47:25,8,19.9,43
2018-01-02 20:48:44,8,19.9,43
2018-01-02 20:50:03,8,19.9,43
2018-01-02 20:51:22,8,20,43
2018-01-02 20:52:41,8,19.9,43
2018-01-02 20:54:00,8,19.9,43
2018-01-02 20:55:19,8,19.9,43
2018-01-02 20:56:38,8,19.9,43
2018-01-02 20:57:57,8,19.9,43
2018-01-02 20:59:16,8,19.9,43
2018-01-02 21:00:35,8,19.9,43
2018-01-02 21:01:54,8,19.9,43
2018-01-02 21:03:13,8,19.9,43
2018-01-02 21:04:32,8,19.8,43
2018-01-02 21:05:50,8,19.8,43
2018-01-02 21:07:10,8,19.8,43
2018-01-02 21:08:29,8,19.7,43
2018-01-02 21:09:47,8,19.7,43
2018-01-02 21:11:07,8,19.7,43
2018-01-02 21:12:26,8,19.7,43
2018-01-02 21:13:45,8,19.6,43
2018-01-02 21:15:04,8,19.6,43
2018-01-02 21:16:23,8,19.6,43
2018-01-02 21:17:42,8,19.6,43
2018-01-02 21:20:20,8,19.5,43
2018-01-02 21:21:39,8,19.5,43
2018-01-02 21:22:58,8,19.5,43
2018-01-02 21:24:17,8,19.5,43
2018-01-02 21:25:36,8,19.5,43
2018-01-02 21:26:54,8,19.4,43
2018-01-02 21:28:14,8,19.4,43
2018-01-02 21:29:33,8,19.3,43
2018-01-02 21:30:51,8,19.3,43
2018-01-02 21:32:11,8,19.4,43
2018-01-02 21:33:30,8,19.4,43
2018-01-02 21:34:49,8,19.4,43
2018-01-02 21:36:08,8,19.3,43
2018-01-02 21:37:27,8,19.3,43
2018-01-02 21:38:46,8,19.4,43
2018-01-02 21:40:05,8,19.4,43
2018-01-02 21:42:43,8,19.5,43
2018-01-02 21:44:02,8,19.5,43
2018-01-02 21:45:21,8,19.5,43
2018-01-02 21:46:40,8,19.6,42
2018-01-02 21:47:58,8,19.5,42
2018-01-02 21:49:18,8,19.5,42
2018-01-02 21:50:37,8,19.4,42
2018-01-02 21:51:55,8,19.4,42
2018-01-02 21:53:15,8,19.4,42
2018-01-02 21:54:34,8,19.3,42
2018-01-02 21:55:52,8,19.2,42
2018-01-02 21:57:12,8,19.1,42
2018-01-02 21:58:31,8,19.1,42
2018-01-02 21:59:50,8,19.1,42
2018-01-02 22:01:09,8,19,42
2018-01-02 22:02:28,8,19,42
2018-01-02 22:03:47,8,19,42
2018-01-02 22:05:05,8,19,42
2018-01-02 22:06:25,8,18.9,42
2018-01-02 22:07:44,8,18.9,43
2018-01-02 22:09:02,8,18.9,43
2018-01-02 22:10:22,8,18.8,43
2018-01-02 22:11:41,8,18.8,43
2018-01-02 22:12:59,8,18.8,43
2018-01-02 22:14:19,8,18.7,43
2018-01-02 22:15:38,8,18.7,43
2018-01-02 22:16:56,8,18.7,43
2018-01-02 22:18:16,8,18.7,43
2018-01-02 22:19:35,8,18.6,43
2018-01-02 22:20:54,8,18.6,43
2018-01-02 22:22:13,8,18.5,43
2018-01-02 22:23:32,8,18.5,43
2018-01-02 22:24:51,8,18.4,43
2018-01-02 22:26:09,8,18.3,43
2018-01-02 22:27:29,8,18.2,43
2018-01-02 22:28:48,8,18.2,43
2018-01-02 22:30:06,8,18,43
2018-01-02 22:31:26,8,17.9,43
2018-01-02 22:32:45,8,17.9,43
2018-01-02 22:34:03,8,17.8,43
2018-01-02 22:35:23,8,17.8,43
2018-01-02 22:36:42,8,17.7,43
2018-01-02 22:38:00,8,17.6,43
2018-01-02 22:39:20,8,17.5,43
2018-01-02 22:40:39,8,17.5,43
2018-01-02 22:41:57,8,17.4,43
2018-01-02 22:43:17,8,17.4,43
2018-01-02 22:44:36,8,17.4,43
2018-01-02 22:45:55,8,17.4,43
2018-01-02 22:47:13,8,17.4,43
2018-01-02 22:48:33,8,17.4,43
2018-01-02 22:49:52,8,17.4,43
2018-01-02 22:51:10,8,17.3,43
2018-01-02 22:52:30,8,17.2,43
2018-01-02 22:53:49,8,17.1,43
2018-01-02 22:55:07,8,17,43
2018-01-02 22:57:46,8,16.9,43
2018-01-02 22:59:04,8,16.8,43
2018-01-02 23:00:24,8,16.7,43
2018-01-02 23:01:43,8,16.7,43
2018-01-02 23:03:01,8,16.6,43
2018-01-02 23:04:20,8,16.4,43
2018-01-02 23:06:59,8,16.3,43
2018-01-02 23:08:17,8,16.3,43
2018-01-02 23:09:37,8,16.2,43
2018-01-02 23:10:56,8,16.2,44
2018-01-02 23:12:14,8,16.2,44
2018-01-02 23:13:34,8,16.2,44
2018-01-02 23:14:53,8,16.2,44
2018-01-02 23:16:11,8,16.2,44
2018-01-02 23:17:31,8,16.1,44
2018-01-02 23:18:50,8,16.1,44
2018-01-02 23:20:08,8,15.9,44
2018-01-02 23:21:28,8,15.9,44
2018-01-02 23:22:47,8,15.8,44
2018-01-02 23:24:05,8,15.7,44
2018-01-02 23:25:24,8,15.7,44
2018-01-02 23:26:44,8,15.7,44
2018-01-02 23:28:02,8,15.7,44
2018-01-02 23:29:21,8,15.7,44
2018-01-02 23:30:41,8,15.7,44
2018-01-02 23:32:00,8,15.7,44
2018-01-02 23:33:18,8,15.7,44
2018-01-02 23:34:38,8,15.6,44
2018-01-02 23:35:57,8,15.6,44
2018-01-02 23:37:15,8,15.5,44
2018-01-02 23:38:35,8,15.5,44
2018-01-02 23:39:54,8,15.5,44
2018-01-02 23:41:12,8,15.4,44
2018-01-02 23:42:31,8,15.4,44
2018-01-02 23:43:51,8,15.3,44
2018-01-02 23:45:09,8,15.2,44
2018-01-02 23:46:28,8,15.2,44
2018-01-02 23:47:48,8,15.2,44
2018-01-02 23:49:06,8,15.2,45
2018-01-02 23:50:25,8,15.2,45
2018-01-02 23:51:45,8,15.2,45
2018-01-02 23:53:04,8,15.2,45
2018-01-02 23:54:22,8,15.2,45
2018-01-02 23:55:42,8,15.1,45
2018-01-02 23:57:01,8,15.1,45
2018-01-02 23:58:19,8,15,45
2018-01-02 23:59:39,8,14.8,45
2018-01-03 00:00:58,8,14.7,45
2018-01-03 00:02:16,8,14.7,45
2018-01-03 00:03:35,8,14.6,45
2018-01-03 00:04:55,8,14.6,45
2018-01-03 00:06:13,8,14.5,45
2018-01-03 00:07:32,8,14.5,45
2018-01-03 00:08:52,8,14.4,45
2018-01-03 00:10:10,8,14.3,45
2018-01-03 00:11:29,8,14.3,45
2018-01-03 00:12:49,8,14.1,45
2018-01-03 00:14:08,8,14.1,45
2018-01-03 00:15:26,8,14,45
2018-01-03 00:16:46,8,14.1,45
2018-01-03 00:18:05,8,14,45
2018-01-03 00:19:23,8,13.9,45
2018-01-03 00:20:42,8,13.7,45
2018-01-03 00:22:02,8,13.7,46
2018-01-03 00:24:39,8,13.7,46
2018-01-03 00:25:59,8,13.7,46
2018-01-03 00:27:17,8,13.7,46
2018-01-03 00:28:36,8,13.7,46
2018-01-03 00:29:56,8,13.6,46
2018-01-03 00:31:14,8,13.4,46
2018-01-03 00:32:33,8,13.3,46
2018-01-03 00:33:53,8,13.3,46
2018-01-03 00:35:12,8,13.4,47
2018-01-03 00:36:30,8,13.4,47
2018-01-03 00:37:50,8,13.4,47
2018-01-03 00:39:09,8,13.5,47
2018-01-03 00:40:27,8,13.5,47
2018-01-03 00:41:46,8,13.4,47
2018-01-03 00:43:06,8,13.4,47
2018-01-03 00:44:24,8,13.4,47
2018-01-03 00:45:43,8,13.5,47
2018-01-03 00:47:03,8,13.6,47
2018-01-03 00:48:21,8,13.6,47
2018-01-03 00:49:40,8,13.7,47
2018-01-03 00:51:00,8,13.6,47
2018-01-03 00:52:18,8,13.6,47
2018-01-03 00:53:37,8,13.6,47
2018-01-03 00:54:57,8,13.6,47
2018-01-03 00:56:15,8,13.6,47
2018-01-03 00:57:34,8,13.6,47
2018-01-03 00:58:54,8,13.7,47
2018-01-03 01:00:13,8,13.6,47
2018-01-03 01:01:31,8,13.6,46
2018-01-03 01:02:50,8,13.4,46
2018-01-03 01:04:10,8,13.4,46
2018-01-03 01:05:28,8,13.4,46
2018-01-03 01:06:47,8,13.3,46
2018-01-03 01:08:07,8,13.3,46
2018-01-03 01:09:25,8,13.3,46
2018-01-03 01:10:44,8,13.3,46
2018-01-03 01:12:04,8,13.3,46
2018-01-03 01:13:22,8,13.3,46
2018-01-03 01:14:41,8,13.3,46
2018-01-03 01:16:01,8,13.3,46
2018-01-03 01:17:19,8,13.2,46
2018-01-03 01:18:38,8,13.2,46
2018-01-03 01:19:57,8,13.1,46
2018-01-03 01:21:17,8,12.9,46
2018-01-03 01:22:35,8,12.7,47
2018-01-03 01:23:54,8,12.6,47
2018-01-03 01:25:14,8,12.6,47
2018-01-03 01:26:32,8,12.6,47
2018-01-03 01:27:51,8,12.6,47
2018-01-03 01:29:11,8,12.5,47
2018-01-03 01:30:29,8,12.4,47
2018-01-03 01:31:48,8,12.4,47
2018-01-03 01:33:08,8,12.3,47
2018-01-03 01:34:26,8,12.2,47
2018-01-03 01:35:45,8,12.2,47
2018-01-03 01:37:05,8,12.1,47
2018-01-03 01:38:23,8,12.1,47
2018-01-03 01:39:42,8,12.1,47
2018-01-03 01:41:01,8,12.1,47
2018-01-03 01:42:21,8,12,47
2018-01-03 01:43:39,8,12,47
2018-01-03 01:44:58,8,11.9,47
2018-01-03 01:46:18,8,11.9,47
2018-01-03 01:47:36,8,11.8,47
2018-01-03 01:48:55,8,11.8,47
2018-01-03 01:50:15,8,11.8,47
2018-01-03 01:51:33,8,11.7,47
2018-01-03 01:52:52,8,11.7,47
2018-01-03 01:54:12,8,11.6,47
2018-01-03 01:55:30,8,11.5,47
2018-01-03 01:56:49,8,11.5,47
2018-01-03 01:58:08,8,11.4,47
2018-01-03 01:59:27,8,11.3,47
2018-01-03 02:00:46,8,11.2,47
2018-01-03 02:02:05,8,11,47
2018-01-03 02:03:25,8,11,47
2018-01-03 02:04:43,8,11,47
2018-01-03 02:06:02,8,11,47
2018-01-03 02:07:22,8,10.9,47
2018-01-03 02:08:40,8,10.9,47
2018-01-03 02:09:59,8,10.9,47
2018-01-03 02:11:19,8,10.8,47
2018-01-03 02:12:37,8,10.8,47
2018-01-03 02:13:56,8,10.8,48
2018-01-03 02:15:16,8,10.8,48
2018-01-03 02:16:34,8,10.7,48
2018-01-03 02:17:53,8,10.7,48
2018-01-03 02:19:12,8,10.7,48
2018-01-03 02:20:31,8,10.6,48
2018-01-03 02:21:50,8,10.4,48
2018-01-03 02:23:09,8,10.4,48
2018-01-03 02:24:29,8,10.3,48
2018-01-03 02:25:47,8,10.3,48
2018-01-03 02:27:06,8,10.3,48
2018-01-03 02:28:26,8,10.3,48
2018-01-03 02:29:44,8,10.2,48
2018-01-03 02:31:03,8,10.2,48
2018-01-03 02:32:23,8,10.2,48
2018-01-03 02:33:41,8,10.1,48
2018-01-03 02:35:00,8,10.1,48
2018-01-03 02:36:20,8,10,48
2018-01-03 02:37:38,8,9.9,48
2018-01-03 02:38:57,8,9.8,48
2018-01-03 02:40:16,8,9.7,48
2018-01-03 02:41:35,8,9.7,49
2018-01-03 02:42:54,8,9.6,49
2018-01-03 02:44:13,8,9.6,49
2018-01-03 02:45:33,8,9.5,49
2018-01-03 02:46:51,8,9.6,49
2018-01-03 02:48:10,8,9.5,49
2018-01-03 02:49:30,8,9.5,49
2018-01-03 02:50:48,8,9.5,49
2018-01-03 02:52:07,8,9.5,49
2018-01-03 02:53:27,8,9.5,49
2018-01-03 02:54:45,8,9.4,49
2018-01-03 02:56:04,8,9.4,49
2018-01-03 02:57:23,8,9.5,49
2018-01-03 02:58:42,8,9.5,49
2018-01-03 03:00:01,8,9.5,49
2018-01-03 03:01:20,8,9.4,49
2018-01-03 03:02:39,8,9.4,49
2018-01-03 03:03:58,8,9.4,49
2018-01-03 03:05:17,8,9.4,49
2018-01-03 03:06:37,8,9.3,49
2018-01-03 03:07:55,8,9.3,49
2018-01-03 03:09:14,8,9.3,49
2018-01-03 03:10:34,8,9.3,50
2018-01-03 03:11:52,8,9.3,50
2018-01-03 03:13:11,8,9.3,50
2018-01-03 03:14:31,8,9.3,50
2018-01-03 03:15:49,8,9.2,50
2018-01-03 03:17:08,8,9.2,50
2018-01-03 03:18:27,8,9.2,50
2018-01-03 03:19:46,8,9.1,50
2018-01-03 03:21:05,8,9,50
2018-01-03 03:22:24,8,9,50
2018-01-03 03:23:43,8,9,50
2018-01-03 03:25:02,8,8.8,50
2018-01-03 03:26:21,8,8.8,50
2018-01-03 03:27:41,8,8.7,50
2018-01-03 03:28:59,8,8.7,50
2018-01-03 03:30:18,8,8.6,50
2018-01-03 03:31:38,8,8.6,50
2018-01-03 03:32:56,8,8.6,50
2018-01-03 03:34:15,8,8.6,50
2018-01-03 03:35:34,8,8.5,50
2018-01-03 03:36:53,8,8.5,50
2018-01-03 03:38:12,8,8.5,50
2018-01-03 03:40:50,8,8.5,50
2018-01-03 03:42:09,8,8.4,50
2018-01-03 03:43:28,8,8.4,50
2018-01-03 03:44:47,8,8.3,50
2018-01-03 03:46:06,8,8.3,50
2018-01-03 03:47:25,8,8.3,50
2018-01-03 03:48:45,8,8.3,50
2018-01-03 03:50:03,8,8.3,50
2018-01-03 03:51:22,8,8.3,50
2018-01-03 03:52:42,8,8.2,50
2018-01-03 03:54:00,8,8.2,50
2018-01-03 03:55:19,8,8.1,50
2018-01-03 03:56:38,8,8.1,50
2018-01-03 03:57:57,8,8.1,50
2018-01-03 03:59:16,8,8.1,50
2018-01-03 04:00:35,8,8,50
2018-01-03 04:01:54,8,7.9,50
2018-01-03 04:03:13,8,7.9,50
2018-01-03 04:04:32,8,7.9,50
2018-01-03 04:05:51,8,7.8,50
2018-01-03 04:07:10,8,7.8,50
2018-01-03 04:08:29,8,7.7,50
2018-01-03 04:09:49,8,7.7,51
2018-01-03 04:11:07,8,7.7,51
2018-01-03 04:13:46,8,7.6,51
2018-01-03 04:15:04,8,7.6,51
2018-01-03 04:16:23,8,7.6,51
2018-01-03 04:17:42,8,7.6,51
2018-01-03 04:19:01,8,7.5,51
2018-01-03 04:20:20,8,7.5,51
2018-01-03 04:21:39,8,7.5,51
2018-01-03 04:22:58,8,7.5,51
2018-01-03 04:24:17,8,7.4,51
2018-01-03 04:25:36,8,7.4,51
2018-01-03 04:26:55,8,7.4,51
2018-01-03 04:28:14,8,7.4,51
2018-01-03 04:29:33,8,7.4,51
2018-01-03 04:30:53,8,7.2,51
2018-01-03 04:32:11,8,7.2,51
2018-01-03 04:33:30,8,7.2,51
2018-01-03 04:34:49,8,7.2,51
2018-01-03 04:36:08,8,7.2,51
2018-01-03 04:37:27,8,7.1,51
2018-01-03 04:38:46,8,7.1,52
2018-01-03 04:40:05,8,7.1,52
2018-01-03 04:41:24,8,7.1,52
2018-01-03 04:42:43,8,7,52
2018-01-03 04:44:02,8,7,52
2018-01-03 04:45:21,8,7,52
2018-01-03 04:46:40,8,7,52
2018-01-03 04:47:59,8,7,52
2018-01-03 04:49:18,8,7,52
2018-01-03 04:50:37,8,7,52
2018-01-03 04:51:57,8,6.9,52
2018-01-03 04:53:15,8,6.9,52
2018-01-03 04:55:53,8,6.8,52
2018-01-03 04:57:12,8,6.8,52
2018-01-03 04:58:31,8,6.8,52
2018-01-03 04:59:50,8,6.7,52
2018-01-03 05:01:09,8,6.7,52
2018-01-03 05:02:28,8,6.7,52
2018-01-03 05:03:47,8,6.7,53
2018-01-03 05:05:06,8,6.7,53
2018-01-03 05:06:25,8,6.6,53
2018-01-03 05:07:44,8,6.6,53
2018-01-03 05:09:03,8,6.6,53
2018-01-03 05:10:22,8,6.6,53
2018-01-03 05:11:41,8,6.5,53
2018-01-03 05:13:00,8,6.5,53
2018-01-03 05:14:19,8,6.4,53
2018-01-03 05:15:38,8,6.4,53
2018-01-03 05:16:57,8,6.4,53
2018-01-03 05:18:16,8,6.4,53
2018-01-03 05:19:35,8,6.3,53
2018-01-03 05:20:54,8,6.3,53
2018-01-03 05:22:13,8,6.2,53
2018-01-03 05:23:32,8,6.2,53
2018-01-03 05:24:51,8,6.2,53
2018-01-03 05:26:10,8,6.2,53
2018-01-03 05:27:29,8,6.1,53
2018-01-03 05:28:48,8,6,53
2018-01-03 05:31:26,8,6,53
2018-01-03 05:32:45,8,6,53
2018-01-03 05:34:04,8,6,53
2018-01-03 05:35:23,8,6,53
2018-01-03 05:36:42,8,6,53
2018-01-03 05:38:01,8,6,54
2018-01-03 05:39:20,8,6,54
2018-01-03 05:40:39,8,6,54
2018-01-03 05:41:58,8,6,54
2018-01-03 05:43:17,8,6,54
2018-01-03 05:44:36,8,5.9,54
2018-01-03 05:45:55,8,5.9,54
2018-01-03 05:47:14,8,5.9,54
2018-01-03 05:48:33,8,5.9,54
2018-01-03 05:49:52,8,5.9,54
2018-01-03 05:51:12,8,5.9,54
2018-01-03 05:52:30,8,5.9,54
2018-01-03 05:53:49,8,5.8,54
2018-01-03 05:55:08,8,5.8,54
2018-01-03 05:56:27,8,5.8,54
2018-01-03 05:57:46,8,5.7,54
2018-01-03 05:59:05,8,5.8,54
2018-01-03 06:00:24,8,5.7,54
2018-01-03 06:01:43,8,5.6,54
2018-01-03 06:03:02,8,5.6,54
2018-01-03 06:04:21,8,5.6,54
2018-01-03 06:05:40,8,5.6,54
2018-01-03 06:06:59,8,5.6,55
2018-01-03 06:08:18,8,5.6,55
2018-01-03 06:09:37,8,5.6,55
2018-01-03 06:10:56,8,5.6,55
2018-01-03 06:12:15,8,5.6,55
2018-01-03 06:13:34,8,5.6,55
2018-01-03 06:14:53,8,5.6,55
2018-01-03 06:16:12,8,5.5,55
2018-01-03 06:17:31,8,5.5,55
2018-01-03 06:18:50,8,5.5,55
2018-01-03 06:20:09,8,5.5,55
2018-01-03 06:21:28,8,5.4,55
2018-01-03 06:22:47,8,5.4,55
2018-01-03 06:24:06,8,5.4,55
2018-01-03 06:25:25,8,5.3,55
2018-01-03 06:26:44,8,5.3,55
2018-01-03 06:28:03,8,5.3,55
2018-01-03 06:29:22,8,5.2,55
2018-01-03 06:30:41,8,5.2,55
2018-01-03 06:32:00,8,5.3,55
2018-01-03 06:33:19,8,5.3,55
2018-01-03 06:34:38,8,5.2,55
2018-01-03 06:35:57,8,5.2,55
2018-01-03 06:37:16,8,5.2,55
2018-01-03 06:38:35,8,5.2,55
2018-01-03 06:39:54,8,5.2,55
2018-01-03 06:41:13,8,5.2,56
2018-01-03 06:42:32,8,5.2,56
2018-01-03 06:43:51,8,5.2,56
2018-01-03 06:45:10,8,5.2,56
2018-01-03 06:46:29,8,5.2,56
2018-01-03 06:47:48,8,5.2,56
2018-01-03 06:49:07,8,5.1,56
2018-01-03 06:50:26,8,5.1,56
2018-01-03 06:51:45,8,5.1,56
2018-01-03 06:53:04,8,5,56
2018-01-03 06:54:23,8,5,56
2018-01-03 06:55:42,8,4.9,56
2018-01-03 06:57:01,8,4.9,56
2018-01-03 06:58:20,8,4.9,56
2018-01-03 06:59:39,8,4.9,56
2018-01-03 07:00:58,8,4.8,56
2018-01-03 07:02:17,8,4.8,56
2018-01-03 07:03:36,8,4.8,56
2018-01-03 07:04:55,8,4.8,56
2018-01-03 07:06:14,8,4.8,56
2018-01-03 07:07:33,8,4.8,56
2018-01-03 07:08:52,8,4.8,56
2018-01-03 07:10:11,8,4.8,56
2018-01-03 07:11:30,8,4.8,56
2018-01-03 07:12:49,8,4.8,56
2018-01-03 07:14:08,8,4.8,56
2018-01-03 07:15:27,8,4.7,56
2018-01-03 07:16:46,8,4.7,56
2018-01-03 07:18:05,8,4.7,56
2018-01-03 07:19:24,8,4.7,56
2018-01-03 07:20:43,8,4.7,56
2018-01-03 07:22:02,8,4.7,56
2018-01-03 07:23:21,8,4.7,56
2018-01-03 07:24:40,8,4.7,57
2018-01-03 07:25:59,8,4.7,57
2018-01-03 07:27:18,8,4.7,57
2018-01-03 07:28:37,8,4.7,57
2018-01-03 07:29:56,8,4.7,57
2018-01-03 07:31:15,8,4.7,57
2018-01-03 07:32:34,8,4.7,57
2018-01-03 07:33:53,8,4.7,57
2018-01-03 07:35:12,8,4.7,57
2018-01-03 07:36:31,8,4.7,57
2018-01-03 07:37:50,8,4.7,57
2018-01-03 07:39:09,8,4.7,57
2018-01-03 07:40:28,8,4.7,57
2018-01-03 07:41:47,8,4.7,57
2018-01-03 07:43:06,8,4.7,57
2018-01-03 07:44:25,8,4.7,57
2018-01-03 07:45:44,8,4.7,57
2018-01-03 07:47:03,8,4.7,57
2018-01-03 07:48:22,8,4.7,57
2018-01-03 07:49:41,8,4.7,57
2018-01-03 07:51:00,8,4.7,57
2018-01-03 07:52:19,8,4.7,57
2018-01-03 07:53:38,8,4.7,57
2018-01-03 07:54:57,8,4.7,57
2018-01-03 07:56:16,8,4.8,58
2018-01-03 07:57:35,8,4.8,58
2018-01-03 07:58:54,8,4.8,58
2018-01-03 08:00:13,8,4.9,58
2018-01-03 08:01:32,8,4.9,58
2018-01-03 08:02:51,8,4.9,58
2018-01-03 08:04:10,8,5,58
2018-01-03 08:05:29,8,5,58
2018-01-03 08:06:48,8,5.1,58
2018-01-03 08:08:07,8,5.1,58
2018-01-03 08:09:26,8,5.1,58
2018-01-03 08:10:45,8,5.2,58
2018-01-03 08:12:04,8,5.2,58
2018-01-03 08:13:23,8,5.3,58
2018-01-03 08:14:42,8,5.3,58
2018-01-03 08:16:01,8,5.3,58
2018-01-03 08:17:20,8,5.4,58
2018-01-03 08:18:39,8,5.5,58
2018-01-03 08:19:58,8,5.6,59
2018-01-03 08:21:17,8,5.7,59
2018-01-03 08:22:36,8,5.8,59
2018-01-03 08:23:55,8,5.9,59
2018-01-03 08:25:14,8,5.9,59
2018-01-03 08:26:33,8,6,59
2018-01-03 08:27:52,8,6.1,59
2018-01-03 08:29:11,8,6.2,59
2018-01-03 08:30:30,8,6.3,59
2018-01-03 08:31:49,8,6.3,59
2018-01-03 08:33:08,8,6.5,59
2018-01-03 08:34:27,8,6.6,59
2018-01-03 08:35:46,8,6.7,59
2018-01-03 08:37:05,8,6.8,60
2018-01-03 08:38:24,8,6.9,60
2018-01-03 08:39:43,8,7.1,60
2018-01-03 08:41:02,8,7.1,60
2018-01-03 08:42:21,8,7.2,60
2018-01-03 08:43:40,8,7.3,60
2018-01-03 08:44:59,8,7.4,60
2018-01-03 08:46:18,8,7.5,60
2018-01-03 08:47:37,8,7.6,60
2018-01-03 08:48:56,8,7.8,60
2018-01-03 08:50:15,8,7.9,60
2018-01-03 08:51:34,8,8,60
2018-01-03 08:52:53,8,8.1,60
2018-01-03 08:54:12,8,8.2,60
2018-01-03 08:55:31,8,8.3,60
2018-01-03 08:56:50,8,8.5,60
2018-01-03 08:58:09,8,8.5,60
2018-01-03 08:59:28,8,8.7,60
2018-01-03 09:00:47,8,8.8,61
2018-01-03 09:02:06,8,8.9,61
2018-01-03 09:03:25,8,9,61
2018-01-03 09:04:44,8,9.2,61
2018-01-03 09:06:03,8,9.3,61
2018-01-03 09:07:22,8,9.5,61
2018-01-03 09:08:41,8,9.6,61
2018-01-03 09:10:00,8,9.7,61
2018-01-03 09:11:19,8,9.8,61
2018-01-03 09:12:38,8,10,61
2018-01-03 09:13:57,8,10.1,61
2018-01-03 09:15:16,8,10.3,61
2018-01-03 09:16:35,8,10.4,61
2018-01-03 09:17:54,8,10.5,61
2018-01-03 09:20:32,8,10.8,61
2018-01-03 09:21:51,8,10.9,61
2018-01-03 09:23:10,8,11.2,61
2018-01-03 09:24:29,8,11.3,61
2018-01-03 09:25:48,8,11.5,61
2018-01-03 09:27:07,8,11.6,61
2018-01-03 09:28:26,8,11.8,61
2018-01-03 09:29:45,8,12,61
2018-01-03 09:31:04,8,12.1,61
2018-01-03 09:32:23,8,12.2,61
2018-01-03 09:33:42,8,12.3,61
2018-01-03 09:35:01,8,12.4,61
2018-01-03 09:36:20,8,12.6,61
2018-01-03 09:38:58,8,12.8,61
2018-01-03 09:40:17,8,12.9,61
2018-01-03 09:41:36,8,13,61
2018-01-03 09:42:55,8,13.2,61
2018-01-03 09:44:14,8,13.3,61
2018-01-03 09:45:33,8,13.5,61
2018-01-03 09:46:52,8,13.6,61
2018-01-03 09:48:11,8,13.7,61
2018-01-03 09:49:30,8,13.8,61
2018-01-03 09:50:49,8,13.9,61
2018-01-03 09:52:08,8,14,61
2018-01-03 09:53:27,8,14,61
2018-01-03 09:54:46,8,14.1,61
2018-01-03 09:56:05,8,14.3,61
2018-01-03 09:57:24,8,14.4,61
2018-01-03 09:58:43,8,14.5,61
2018-01-03 10:00:02,8,14.6,61
2018-01-03 10:01:21,8,14.7,61
2018-01-03 10:02:40,8,15,61
2018-01-03 10:05:18,8,15.3,61
2018-01-03 10:06:37,8,15.5,60
2018-01-03 10:07:56,8,15.6,60
2018-01-03 10:09:15,8,15.8,60
2018-01-03 10:10:34,8,16,60
2018-01-03 10:11:53,8,16.1,60
2018-01-03 10:13:12,8,16.2,60
2018-01-03 10:14:31,8,16.3,60
2018-01-03 10:15:50,8,16.5,60
2018-01-03 10:17:09,8,16.6,60
2018-01-03 10:18:28,8,16.7,60
2018-01-03 10:19:47,8,16.8,60
2018-01-03 10:21:06,8,17,60
2018-01-03 10:22:25,8,17.2,60
2018-01-03 10:23:44,8,17.3,60
2018-01-03 10:25:03,8,17.4,60
2018-01-03 10:26:22,8,17.4,60
2018-01-03 10:27:41,8,17.5,60
2018-01-03 10:29:00,8,17.6,60
2018-01-03 10:30:19,8,17.6,60
2018-01-03 10:31:38,8,17.7,60
2018-01-03 10:32:57,8,17.8,60
2018-01-03 10:34:16,8,17.8,59
2018-01-03 10:35:35,8,17.9,59
2018-01-03 10:38:13,8,18.2,59
2018-01-03 10:39:32,8,18.3,59
2018-01-03 10:40:51,8,18.4,59
2018-01-03 10:42:10,8,18.5,59
2018-01-03 10:43:29,8,18.6,59
2018-01-03 10:44:48,8,18.6,59
2018-01-03 10:46:07,8,18.6,59
2018-01-03 10:47:26,8,18.6,59
2018-01-03 10:48:45,8,18.7,59
2018-01-03 10:50:04,8,18.8,59
2018-01-03 10:51:23,8,18.9,58
2018-01-03 10:52:42,8,19,58
2018-01-03 10:54:01,8,19,58
2018-01-03 10:55:20,8,19.1,58
2018-01-03 10:56:39,8,19.1,58
2018-01-03 10:57:58,8,19.3,58
2018-01-03 10:59:17,8,19.4,58
2018-01-03 11:00:36,8,19.5,58
2018-01-03 11:01:55,8,19.5,57
2018-01-03 11:03:14,8,19.5,57
2018-01-03 11:04:33,8,19.6,57
2018-01-03 11:05:52,8,19.6,57
2018-01-03 11:07:11,8,19.8,57
2018-01-03 11:08:30,8,19.9,57
2018-01-03 11:09:49,8,20,57
2018-01-03 11:11:08,8,20.1,57
2018-01-03 11:12:27,8,20.3,57
2018-01-03 11:15:05,8,20.4,57
2018-01-03 11:16:24,8,20.4,57
2018-01-03 11:17:43,8,20.4,57
2018-01-03 11:19:02,8,20.4,57
2018-01-03 11:20:21,8,20.4,57
2018-01-03 11:21:40,8,20.6,57
2018-01-03 11:22:59,8,20.7,57
2018-01-03 11:24:18,8,20.8,57
2018-01-03 11:25:37,8,20.9,57
2018-01-03 11:26:56,8,20.9,57
